URL,Location,Word Count,Uniqueness,Primary Keyword,Overlap,Keep,Improve,Merge,Redirect,Noindex,Recommendation
https://imsolarcare.in/locations/solar-panel-cleaning-agra.html,Agra,439,moderate,solar panel cleaning services in Agra,Local cleaning intent,Yes pending data,Yes,No approval yet,No,No approval yet,Keep and improve
https://imsolarcare.in/locations/solar-panel-cleaning-aligarh.html,Aligarh,439,moderate,solar panel cleaning services in Aligarh,Local cleaning intent,Yes pending data,Yes,No approval yet,No,No approval yet,Keep and improve
https://imsolarcare.in/locations/solar-panel-cleaning-ambedkar-nagar.html,Ambedkar Nagar,450,moderate,solar panel cleaning services in Ambedkar Nagar,Local cleaning intent,Yes pending data,Yes,No approval yet,No,No approval yet,Keep and improve
https://imsolarcare.in/locations/solar-panel-cleaning-amethi.html,Amethi,439,moderate,solar panel cleaning services in Amethi,Local cleaning intent,Yes pending data,Yes,No approval yet,No,No approval yet,Keep and improve
https://imsolarcare.in/locations/solar-panel-cleaning-amroha.html,Amroha,439,moderate,solar panel cleaning services in Amroha,Local cleaning intent,Yes pending data,Yes,No approval yet,No,No approval yet,Keep and improve
https://imsolarcare.in/locations/solar-panel-cleaning-auraiya.html,Auraiya,439,moderate,solar panel cleaning services in Auraiya,Local cleaning intent,Yes pending data,Yes,No approval yet,No,No approval yet,Keep and improve
https://imsolarcare.in/locations/solar-panel-cleaning-ayodhya.html,Ayodhya,439,moderate,solar panel cleaning services in Ayodhya,Local cleaning intent,Yes pending data,Yes,No approval yet,No,No approval yet,Keep and improve
https://imsolarcare.in/locations/solar-panel-cleaning-azamgarh.html,Azamgarh,439,moderate,solar panel cleaning services in Azamgarh,Local cleaning intent,Yes pending data,Yes,No approval yet,No,No approval yet,Keep and improve
https://imsolarcare.in/locations/solar-panel-cleaning-baghpat.html,Baghpat,439,moderate,solar panel cleaning services in Baghpat,Local cleaning intent,Yes pending data,Yes,No approval yet,No,No approval yet,Keep and improve
https://imsolarcare.in/locations/solar-panel-cleaning-bahraich.html,Bahraich,439,moderate,solar panel cleaning services in Bahraich,Local cleaning intent,Yes pending data,Yes,No approval yet,No,No approval yet,Keep and improve
https://imsolarcare.in/locations/solar-panel-cleaning-ballia.html,Ballia,439,moderate,solar panel cleaning services in Ballia,Local cleaning intent,Yes pending data,Yes,No approval yet,No,No approval yet,Keep and improve
https://imsolarcare.in/locations/solar-panel-cleaning-balrampur.html,Balrampur,439,moderate,solar panel cleaning services in Balrampur,Local cleaning intent,Yes pending data,Yes,No approval yet,No,No approval yet,Keep and improve
https://imsolarcare.in/locations/solar-panel-cleaning-banda.html,Banda,439,moderate,solar panel cleaning services in Banda,Local cleaning intent,Yes pending data,Yes,No approval yet,No,No approval yet,Keep and improve
https://imsolarcare.in/locations/solar-panel-cleaning-barabanki.html,Barabanki,439,moderate,solar panel cleaning services in Barabanki,Local cleaning intent,Yes pending data,Yes,No approval yet,No,No approval yet,Keep and improve
https://imsolarcare.in/locations/solar-panel-cleaning-bareilly.html,Bareilly,439,moderate,solar panel cleaning services in Bareilly,Local cleaning intent,Yes pending data,Yes,No approval yet,No,No approval yet,Keep and improve
https://imsolarcare.in/locations/solar-panel-cleaning-basti.html,Basti,439,moderate,solar panel cleaning services in Basti,Local cleaning intent,Yes pending data,Yes,No approval yet,No,No approval yet,Keep and improve
https://imsolarcare.in/locations/solar-panel-cleaning-bhadohi.html,Bhadohi,439,moderate,solar panel cleaning services in Bhadohi,Local cleaning intent,Yes pending data,Yes,No approval yet,No,No approval yet,Keep and improve
https://imsolarcare.in/locations/solar-panel-cleaning-bijnor.html,Bijnor,439,moderate,solar panel cleaning services in Bijnor,Local cleaning intent,Yes pending data,Yes,No approval yet,No,No approval yet,Keep and improve
https://imsolarcare.in/locations/solar-panel-cleaning-budaun.html,Budaun,439,moderate,solar panel cleaning services in Budaun,Local cleaning intent,Yes pending data,Yes,No approval yet,No,No approval yet,Keep and improve
https://imsolarcare.in/locations/solar-panel-cleaning-bulandshahr.html,Bulandshahr,439,moderate,solar panel cleaning services in Bulandshahr,Local cleaning intent,Yes pending data,Yes,No approval yet,No,No approval yet,Keep and improve
https://imsolarcare.in/locations/solar-panel-cleaning-chandauli.html,Chandauli,439,moderate,solar panel cleaning services in Chandauli,Local cleaning intent,Yes pending data,Yes,No approval yet,No,No approval yet,Keep and improve
https://imsolarcare.in/locations/solar-panel-cleaning-chitrakoot.html,Chitrakoot,439,moderate,solar panel cleaning services in Chitrakoot,Local cleaning intent,Yes pending data,Yes,No approval yet,No,No approval yet,Keep and improve
https://imsolarcare.in/locations/solar-panel-cleaning-deoria.html,Deoria,439,moderate,solar panel cleaning services in Deoria,Local cleaning intent,Yes pending data,Yes,No approval yet,No,No approval yet,Keep and improve
https://imsolarcare.in/locations/solar-panel-cleaning-etah.html,Etah,439,moderate,solar panel cleaning services in Etah,Local cleaning intent,Yes pending data,Yes,No approval yet,No,No approval yet,Keep and improve
https://imsolarcare.in/locations/solar-panel-cleaning-etawah.html,Etawah,439,moderate,solar panel cleaning services in Etawah,Local cleaning intent,Yes pending data,Yes,No approval yet,No,No approval yet,Keep and improve
https://imsolarcare.in/locations/solar-panel-cleaning-farrukhabad.html,Farrukhabad,439,moderate,solar panel cleaning services in Farrukhabad,Local cleaning intent,Yes pending data,Yes,No approval yet,No,No approval yet,Keep and improve
https://imsolarcare.in/locations/solar-panel-cleaning-fatehpur.html,Fatehpur,439,moderate,solar panel cleaning services in Fatehpur,Local cleaning intent,Yes pending data,Yes,No approval yet,No,No approval yet,Keep and improve
https://imsolarcare.in/locations/solar-panel-cleaning-firozabad.html,Firozabad,439,moderate,solar panel cleaning services in Firozabad,Local cleaning intent,Yes pending data,Yes,No approval yet,No,No approval yet,Keep and improve
https://imsolarcare.in/locations/solar-panel-cleaning-ghaziabad.html,Ghaziabad,439,moderate,solar panel cleaning services in Ghaziabad,Local cleaning intent,Yes pending data,Yes,No approval yet,No,No approval yet,Keep and improve
https://imsolarcare.in/locations/solar-panel-cleaning-ghazipur.html,Ghazipur,439,moderate,solar panel cleaning services in Ghazipur,Local cleaning intent,Yes pending data,Yes,No approval yet,No,No approval yet,Keep and improve
https://imsolarcare.in/locations/solar-panel-cleaning-gonda.html,Gonda,439,moderate,solar panel cleaning services in Gonda,Local cleaning intent,Yes pending data,Yes,No approval yet,No,No approval yet,Keep and improve
https://imsolarcare.in/locations/solar-panel-cleaning-gorakhpur.html,Gorakhpur,439,moderate,solar panel cleaning services in Gorakhpur,Local cleaning intent,Yes pending data,Yes,No approval yet,No,No approval yet,Keep and improve
https://imsolarcare.in/locations/solar-panel-cleaning-greater-noida.html,Greater Noida,451,moderate,solar panel cleaning services in Greater Noida,Local cleaning intent,Yes pending data,Yes,No approval yet,No,No approval yet,Keep and improve
https://imsolarcare.in/locations/solar-panel-cleaning-hamirpur.html,Hamirpur,439,moderate,solar panel cleaning services in Hamirpur,Local cleaning intent,Yes pending data,Yes,No approval yet,No,No approval yet,Keep and improve
https://imsolarcare.in/locations/solar-panel-cleaning-hapur.html,Hapur,439,moderate,solar panel cleaning services in Hapur,Local cleaning intent,Yes pending data,Yes,No approval yet,No,No approval yet,Keep and improve
https://imsolarcare.in/locations/solar-panel-cleaning-hardoi.html,Hardoi,439,moderate,solar panel cleaning services in Hardoi,Local cleaning intent,Yes pending data,Yes,No approval yet,No,No approval yet,Keep and improve
https://imsolarcare.in/locations/solar-panel-cleaning-hathras.html,Hathras,439,moderate,solar panel cleaning services in Hathras,Local cleaning intent,Yes pending data,Yes,No approval yet,No,No approval yet,Keep and improve
https://imsolarcare.in/locations/solar-panel-cleaning-jalaun.html,Jalaun,439,moderate,solar panel cleaning services in Jalaun,Local cleaning intent,Yes pending data,Yes,No approval yet,No,No approval yet,Keep and improve
https://imsolarcare.in/locations/solar-panel-cleaning-jaunpur.html,Jaunpur,439,moderate,solar panel cleaning services in Jaunpur,Local cleaning intent,Yes pending data,Yes,No approval yet,No,No approval yet,Keep and improve
https://imsolarcare.in/locations/solar-panel-cleaning-jhansi.html,Jhansi,439,moderate,solar panel cleaning services in Jhansi,Local cleaning intent,Yes pending data,Yes,No approval yet,No,No approval yet,Keep and improve
https://imsolarcare.in/locations/solar-panel-cleaning-kannauj.html,Kannauj,439,moderate,solar panel cleaning services in Kannauj,Local cleaning intent,Yes pending data,Yes,No approval yet,No,No approval yet,Keep and improve
https://imsolarcare.in/locations/solar-panel-cleaning-kanpur-dehat.html,Kanpur Dehat,451,moderate,solar panel cleaning services in Kanpur Dehat,Local cleaning intent,Yes pending data,Yes,No approval yet,No,No approval yet,Keep and improve
https://imsolarcare.in/locations/solar-panel-cleaning-kanpur.html,Kanpur,439,moderate,solar panel cleaning services in Kanpur,Local cleaning intent,Yes pending data,Yes,No approval yet,No,No approval yet,Keep and improve
https://imsolarcare.in/locations/solar-panel-cleaning-kasganj.html,Kasganj,439,moderate,solar panel cleaning services in Kasganj,Local cleaning intent,Yes pending data,Yes,No approval yet,No,No approval yet,Keep and improve
https://imsolarcare.in/locations/solar-panel-cleaning-kaushambi.html,Kaushambi,439,moderate,solar panel cleaning services in Kaushambi,Local cleaning intent,Yes pending data,Yes,No approval yet,No,No approval yet,Keep and improve
https://imsolarcare.in/locations/solar-panel-cleaning-kushinagar.html,Kushinagar,439,moderate,solar panel cleaning services in Kushinagar,Local cleaning intent,Yes pending data,Yes,No approval yet,No,No approval yet,Keep and improve
https://imsolarcare.in/locations/solar-panel-cleaning-lakhimpur-kheri.html,Lakhimpur Kheri,451,moderate,solar panel cleaning services in Lakhimpur Kheri,Local cleaning intent,Yes pending data,Yes,No approval yet,No,No approval yet,Keep and improve
https://imsolarcare.in/locations/solar-panel-cleaning-lalitpur.html,Lalitpur,439,moderate,solar panel cleaning services in Lalitpur,Local cleaning intent,Yes pending data,Yes,No approval yet,No,No approval yet,Keep and improve
https://imsolarcare.in/locations/solar-panel-cleaning-lucknow.html,Lucknow,445,moderate,solar panel cleaning services in Lucknow,Local cleaning intent,Yes pending data,Yes,No approval yet,No,No approval yet,Keep and improve
https://imsolarcare.in/locations/solar-panel-cleaning-maharajganj.html,Maharajganj,439,moderate,solar panel cleaning services in Maharajganj,Local cleaning intent,Yes pending data,Yes,No approval yet,No,No approval yet,Keep and improve
https://imsolarcare.in/locations/solar-panel-cleaning-mahoba.html,Mahoba,439,moderate,solar panel cleaning services in Mahoba,Local cleaning intent,Yes pending data,Yes,No approval yet,No,No approval yet,Keep and improve
https://imsolarcare.in/locations/solar-panel-cleaning-mainpuri.html,Mainpuri,439,moderate,solar panel cleaning services in Mainpuri,Local cleaning intent,Yes pending data,Yes,No approval yet,No,No approval yet,Keep and improve
https://imsolarcare.in/locations/solar-panel-cleaning-mathura.html,Mathura,439,moderate,solar panel cleaning services in Mathura,Local cleaning intent,Yes pending data,Yes,No approval yet,No,No approval yet,Keep and improve
https://imsolarcare.in/locations/solar-panel-cleaning-mau.html,Mau,439,moderate,solar panel cleaning services in Mau,Local cleaning intent,Yes pending data,Yes,No approval yet,No,No approval yet,Keep and improve
https://imsolarcare.in/locations/solar-panel-cleaning-meerut.html,Meerut,439,moderate,solar panel cleaning services in Meerut,Local cleaning intent,Yes pending data,Yes,No approval yet,No,No approval yet,Keep and improve
https://imsolarcare.in/locations/solar-panel-cleaning-mirzapur.html,Mirzapur,439,moderate,solar panel cleaning services in Mirzapur,Local cleaning intent,Yes pending data,Yes,No approval yet,No,No approval yet,Keep and improve
https://imsolarcare.in/locations/solar-panel-cleaning-moradabad.html,Moradabad,439,moderate,solar panel cleaning services in Moradabad,Local cleaning intent,Yes pending data,Yes,No approval yet,No,No approval yet,Keep and improve
https://imsolarcare.in/locations/solar-panel-cleaning-muzaffarnagar.html,Muzaffarnagar,439,moderate,solar panel cleaning services in Muzaffarnagar,Local cleaning intent,Yes pending data,Yes,No approval yet,No,No approval yet,Keep and improve
https://imsolarcare.in/locations/solar-panel-cleaning-noida.html,Noida,439,moderate,solar panel cleaning services in Noida,Local cleaning intent,Yes pending data,Yes,No approval yet,No,No approval yet,Keep and improve
https://imsolarcare.in/locations/solar-panel-cleaning-pilibhit.html,Pilibhit,439,moderate,solar panel cleaning services in Pilibhit,Local cleaning intent,Yes pending data,Yes,No approval yet,No,No approval yet,Keep and improve
https://imsolarcare.in/locations/solar-panel-cleaning-pratapgarh.html,Pratapgarh,439,moderate,solar panel cleaning services in Pratapgarh,Local cleaning intent,Yes pending data,Yes,No approval yet,No,No approval yet,Keep and improve
https://imsolarcare.in/locations/solar-panel-cleaning-prayagraj.html,Prayagraj,439,moderate,solar panel cleaning services in Prayagraj,Local cleaning intent,Yes pending data,Yes,No approval yet,No,No approval yet,Keep and improve
https://imsolarcare.in/locations/solar-panel-cleaning-raebareli.html,Raebareli,439,moderate,solar panel cleaning services in Raebareli,Local cleaning intent,Yes pending data,Yes,No approval yet,No,No approval yet,Keep and improve
https://imsolarcare.in/locations/solar-panel-cleaning-rampur.html,Rampur,439,moderate,solar panel cleaning services in Rampur,Local cleaning intent,Yes pending data,Yes,No approval yet,No,No approval yet,Keep and improve
https://imsolarcare.in/locations/solar-panel-cleaning-saharanpur.html,Saharanpur,439,moderate,solar panel cleaning services in Saharanpur,Local cleaning intent,Yes pending data,Yes,No approval yet,No,No approval yet,Keep and improve
https://imsolarcare.in/locations/solar-panel-cleaning-sambhal.html,Sambhal,439,moderate,solar panel cleaning services in Sambhal,Local cleaning intent,Yes pending data,Yes,No approval yet,No,No approval yet,Keep and improve
https://imsolarcare.in/locations/solar-panel-cleaning-sant-kabir-nagar.html,Sant Kabir Nagar,463,moderate,solar panel cleaning services in Sant Kabir Nagar,Local cleaning intent,Yes pending data,Yes,No approval yet,No,No approval yet,Keep and improve
https://imsolarcare.in/locations/solar-panel-cleaning-shahjahanpur.html,Shahjahanpur,439,moderate,solar panel cleaning services in Shahjahanpur,Local cleaning intent,Yes pending data,Yes,No approval yet,No,No approval yet,Keep and improve
https://imsolarcare.in/locations/solar-panel-cleaning-shamli.html,Shamli,439,moderate,solar panel cleaning services in Shamli,Local cleaning intent,Yes pending data,Yes,No approval yet,No,No approval yet,Keep and improve
https://imsolarcare.in/locations/solar-panel-cleaning-shravasti.html,Shravasti,439,moderate,solar panel cleaning services in Shravasti,Local cleaning intent,Yes pending data,Yes,No approval yet,No,No approval yet,Keep and improve
https://imsolarcare.in/locations/solar-panel-cleaning-siddharthnagar.html,Siddharthnagar,439,moderate,solar panel cleaning services in Siddharthnagar,Local cleaning intent,Yes pending data,Yes,No approval yet,No,No approval yet,Keep and improve
https://imsolarcare.in/locations/solar-panel-cleaning-sitapur.html,Sitapur,439,moderate,solar panel cleaning services in Sitapur,Local cleaning intent,Yes pending data,Yes,No approval yet,No,No approval yet,Keep and improve
https://imsolarcare.in/locations/solar-panel-cleaning-sonbhadra.html,Sonbhadra,439,moderate,solar panel cleaning services in Sonbhadra,Local cleaning intent,Yes pending data,Yes,No approval yet,No,No approval yet,Keep and improve
https://imsolarcare.in/locations/solar-panel-cleaning-sultanpur.html,Sultanpur,439,moderate,solar panel cleaning services in Sultanpur,Local cleaning intent,Yes pending data,Yes,No approval yet,No,No approval yet,Keep and improve
https://imsolarcare.in/locations/solar-panel-cleaning-unnao.html,Unnao,439,moderate,solar panel cleaning services in Unnao,Local cleaning intent,Yes pending data,Yes,No approval yet,No,No approval yet,Keep and improve
https://imsolarcare.in/locations/solar-panel-cleaning-uttar-pradesh.html,Uttar Pradesh,179,thin hub; broad state page,solar panel cleaning services in Uttar Pradesh,Overlaps all city cleaning pages,Yes pending data,Yes,No approval yet,No,No approval yet,Improve
https://imsolarcare.in/locations/solar-panel-cleaning-varanasi.html,Varanasi,439,moderate,solar panel cleaning services in Varanasi,Local cleaning intent,Yes pending data,Yes,No approval yet,No,No approval yet,Keep and improve
